first_name,last_name,gender,company
Cass,Rees,Female,Zoombox
Lorry,Mutton,Female,Twinder
Craggie,Fitzsymonds,Male,Myworks
Mal,Jauncey,Male,Rhyloo
Celinka,Bosden,Female,Browsezoom
Linet,Meredith,Female,Browsezoom
Gretchen,Lacotte,Female,Meejo
Archibaldo,Chaffin,Male,Photobean
Muhammad,Dickinson,Male,Quinu
Biron,Gorner,Male,Innotype
Aldwin,Whitlow,Male,Quinu
Darlleen,Bertenshaw,Female,Browsecat
Melina,Burnand,Female,Mymm
Rickie,Auld,Male,Gigashots
Fletch,Perel,Male,Shuffledrive
Fernando,Mannooch,Male,Edgeclub
Hetty,Topling,Female,Cogibox
Brittne,Atteridge,Female,Browsecat
Jeannette,Ballance,Female,Livepath
Travis,Burwell,Male,Gevee
Jacki,Reisenberg,Female,BlogXS
Dylan,Westnedge,Male,Wikibox
Kerwin,Huyghe,Male,Brightdog
Marla,Nazaret,Female,Wordify
Nanni,Hedley,Female,Aivee
Theodore,Thatcham,Male,Brainverse
Tobe,Droghan,Male,Yodo
Cobb,Warriner,Male,Zava
Franni,Skym,Female,Rhybox
Dewitt,Brownlow,Male,Midel
Verene,Skirving,Female,Zazio
Isiahi,Ronnay,Male,Youspan
Carolus,Heavy,Male,Realbridge
Valentin,Fearneley,Male,Kimia
Micah,Bransby,Male,Tanoodle
Trumaine,Ginner,Male,Meevee
Ursa,Parkes,Female,Skibox
Gregoor,Bill,Male,Leenti
Amitie,Karolowski,Female,Zoomlounge
Oby,Fincken,Male,Roomm
Hyacintha,Cust,Female,Tagfeed
Corly,Bolens,Female,Skaboo
Zsa zsa,Partlett,Female,Linklinks
Ulrikaumeko,Dowglass,Female,Kayveo
Panchito,Fransson,Male,Aimbo
Tanitansy,Guttridge,Female,Realbridge
Damaris,Staddon,Female,Devpulse
Helsa,Geer,Female,Centidel
Roze,Jurek,Female,Yotz
Darnell,Wyne,Male,Pixoboo
Darci,Abbado,Female,Brainverse
Fayette,Dahlborg,Female,Innojam
Harwell,Malcolmson,Male,Buzzshare
Silvanus,Gori,Male,Jetwire
Delbert,Kleinsmuntz,Male,Zazio
Ilise,Corbridge,Female,Mybuzz
Dianemarie,Dawbury,Female,Gabtune
Tabbie,Mell,Male,Riffpath
Jazmin,Tweedell,Female,Ailane
Errick,Trewman,Male,Yadel
Jerrold,Standing,Male,Latz
Darline,Swithenby,Female,Voonte
Demetris,Willmore,Male,Fadeo
Corie,McPhelim,Female,Babbleopia
Babita,Biagi,Female,Trilith
Harley,Rowbotham,Male,Meetz
Libbie,Shackell,Female,Abatz
Zacharia,Bolzen,Male,Buzzbean
Kim,Cortese,Female,Dynabox
Menard,Dudgeon,Male,Twinte
Doyle,Doumerc,Male,Quaxo
Corrie,Iacofo,Female,LiveZ
Edvard,Kenshole,Male,Yodel
Alwyn,Paute,Male,Skyndu
Franz,Grunbaum,Male,Voonix
Mab,Dwelly,Female,Linklinks
Hartley,Hoble,Male,Meedoo
Chelsie,Creak,Female,Kanoodle
Ferne,Regorz,Female,Myworks
Gayler,Huke,Male,Ailane
Kennie,Portch,Male,Jabbersphere
Archibold,Nestoruk,Male,Zava
Brigitte,Beig,Female,Skyba
Lorelle,Epsly,Female,Fivespan
Bo,Foulkes,Male,Ntag
Fleurette,Anwyl,Female,Divanoodle
Trudie,Dupey,Female,Tazzy
Ellis,Crookston,Male,Skibox
Teodorico,Carillo,Male,Eabox
Northrop,Dacks,Male,Twinder
Mendy,Mandrier,Male,Youopia
Wendye,Filimore,Female,Kwideo
Sapphire,Penright,Female,Teklist
Oralla,Brient,Female,Wikizz
Cob,Jarvie,Male,Meezzy
Dun,Grew,Male,Feedbug
Maiga,Ernke,Female,Mudo
Bail,Vernon,Male,Oyoba
Iolande,Waddy,Female,LiveZ
Elita,Folan,Female,Twitterlist
Amil,Cluse,Female,Divanoodle
Kristine,Younglove,Female,Browsebug
Torin,Baverstock,Male,Feedmix
Lonnard,Dmych,Male,Devshare
Bessie,Stallibrass,Female,Gabtune
Faith,Greatrex,Female,Brightbean
Corissa,Ewin,Female,Dynabox
Gnni,Bryceson,Female,Fiveclub
Bram,Ivanaev,Male,Kwideo
Shanna,Prahm,Female,Gevee
Maribel,Westley,Female,Blognation
Evin,Beedie,Male,Dynabox
Cori,Hardson,Male,Twitterbridge
Clevie,Bertholin,Male,Yamia
Ailbert,Rubury,Male,Photofeed
Devora,Hungerford,Female,Oyope
Carver,Norker,Male,Meembee
Conrade,Reuter,Male,Meejo
Andrea,Rive,Male,Oyonder
Gabby,Queen,Male,Skyvu
Vivien,Lead,Female,Jetpulse
Briney,Chaloner,Female,Pixope
Timmi,Iliff,Female,Thoughtmix
Bradney,Rigney,Male,Twitterbeat
Homere,Leijs,Male,Fivespan
Thorn,Diego,Male,Jabberstorm
Royal,Jakubowski,Male,Zoomlounge
Cosetta,Shipp,Female,Agimba
Karlee,Barthel,Female,Photojam
Deck,Duprey,Male,Eare
Tish,Spelwood,Female,Skimia
Rodina,Ventura,Female,Avavee
Tallie,Riguard,Female,Skibox
Biron,Kennan,Male,Quimm
Hartwell,Gisborne,Male,Roodel
Kennan,Rotter,Male,LiveZ
Sherry,Hurburt,Female,Skaboo
Winny,Pomeroy,Female,Meezzy
Debbie,Kennet,Female,Tazzy
Alanna,Lyons,Female,BlogXS
Hillard,Gregol,Male,Voomm
Devi,Birkinshaw,Female,Gigaclub
Edvard,O'Devey,Male,Chatterbridge
Collie,Frudd,Female,Katz
Lisle,Placide,Male,Agivu
Dehlia,Blagdon,Female,Wordify
Ernesto,Capron,Male,Centidel
Alayne,Readwood,Female,Zoonoodle
Jaimie,Kiltie,Male,Riffwire
Hedvig,Blundon,Female,Rhycero
Wallas,Shalcras,Male,Skibox
Pearce,Ellsom,Male,Wikizz
Aylmer,Addicott,Male,Tagopia
Toni,Quinn,Female,Photobean
Evelina,Bellringer,Female,Agivu
Gaylord,Casperri,Male,Talane
Kaspar,Noads,Male,Photojam
Wilbert,Kynett,Male,Zoomzone
Ainslie,Chiene,Female,Kwideo
Coriss,Lubbock,Female,Plambee
Dwight,Croney,Male,Plajo
Eldin,Jancey,Male,Wordify
Morly,Brunet,Male,Skiba
Quentin,Jephson,Male,Youopia
Aime,Load,Female,Topicblab
Madelle,Pogue,Female,BlogXS
Mirilla,Iacobacci,Female,Bubblebox
Emlyn,Bleaden,Female,JumpXS
Rowland,D'Aguanno,Male,Meedoo
Tallou,Bradmore,Female,Rhycero
Siusan,Simm,Female,Mycat
Carolan,Turle,Female,Kwimbee
Guillema,Dryden,Female,Edgeclub
Elias,Bygrave,Male,Latz
Ignatius,Ventom,Male,Tagfeed
Alessandro,Esslemont,Male,Voomm
Tymothy,Rodda,Male,LiveZ
Perice,Stutter,Male,Flashpoint
Clark,Charman,Male,Kare
Sydel,Rapp,Female,Meevee
Diarmid,Mordin,Male,Jaxbean
Beatrix,Swiffin,Female,Realblab
Chester,Dennington,Male,Yozio
Callie,Philcock,Female,Realfire
Agace,Elland,Female,Flashdog
Kris,MacAndreis,Female,Wikizz
Roarke,Spenceley,Male,Skyndu
Bronny,Yekel,Male,Skyba
Tasha,Hiorn,Female,Linktype
Jeannine,Suarez,Female,Divape
Sylvan,Kleinlerer,Male,Yambee
Rosamund,Chazette,Female,Kazio
Juliet,Jonin,Female,Meemm
Gael,Fetteplace,Male,Blogtag
Babbie,Creavan,Female,Twitterbeat
Giustina,Fussie,Female,Browsetype
Denny,Bellie,Male,Livetube
Lane,Insworth,Male,Dabtype
Lucas,Mannakee,Male,Shuffletag
Jasmin,Sayburn,Female,Viva
Idell,Barthorpe,Female,Thoughtblab
Brewer,Davers,Male,Jamia
Maisie,Placstone,Female,Vimbo
Jolee,Fellowes,Female,Zoozzy
Dennison,Curreen,Male,Feedfish
Mary,Cudbird,Female,Skilith
Wallache,Sterrick,Male,Eayo
Gabriello,Agiolfinger,Male,Zava
Francois,Winning,Male,Realbuzz
Ange,Catenot,Male,Tagpad
Elijah,Espina,Male,Skidoo
Ami,Kirkpatrick,Female,Blogspan
Madelena,Rumble,Female,Innotype
Fernando,Yalden,Male,Katz
Val,Antoons,Male,Abatz
Bryant,Vondrys,Male,Yakitri
Ad,Kerwood,Male,Edgeblab
Roxana,Christie,Female,Tagchat
Belita,Chadbourn,Female,Tavu
Finley,Hamill,Male,Yata
Chilton,Matej,Male,Dabjam
Earle,Macken,Male,Flashset
Ora,Lethardy,Female,Babbleopia
Ingeborg,Skeleton,Female,Realbuzz
Brade,Sloan,Male,Photobug
Antonella,Redfearn,Female,Yakidoo
Elsy,Elcy,Female,Devcast
Shaun,Szapiro,Female,BlogXS
Josefina,Pohls,Female,Yodoo
Ara,Wondraschek,Female,Meevee
Mitch,Bisp,Male,Myworks
Rock,Benfell,Male,Agivu
Hillary,Addey,Female,Meemm
Marrissa,O'Hartnett,Female,Eimbee
Micheline,Guthrie,Female,Roombo
Morse,Howis,Male,Twitterworks
Merissa,Ivanenko,Female,Mymm
Arlen,Braferton,Male,Zoovu
Ossie,Tumbelty,Male,Topicware
Ad,MacQueen,Male,Twiyo
Kordula,Vance,Female,Buzzbean
Gusella,McKeeman,Female,Geba
Bellanca,Sabattier,Female,Gigashots
Curran,Carpmile,Male,Avavee
Erhart,Radcliffe,Male,Quaxo
Yvon,Roote,Male,Buzzbean
Faun,Levine,Female,Wordify
Karlens,Kuhnhardt,Male,Fadeo
Christa,Macvain,Female,Wordify
Carlyle,Sprague,Male,Mita
Demott,Rosone,Male,Einti
Xenos,Rollo,Male,Roomm
Brigitta,Guntrip,Female,Jetwire
Kaine,Montague,Male,Cogilith
Nannette,Bowering,Female,Kwimbee
Venus,Richen,Female,Dynava
Al,Sunock,Male,Browsedrive
Maria,Kirtland,Female,JumpXS
Lorinda,Parrington,Female,Zoonoodle
Farica,Olivi,Female,Quaxo
Stacy,Brommage,Male,Divanoodle
Barnett,Manston,Male,Trunyx
Ulick,McTerlagh,Male,Shuffletag
Kaycee,Garoghan,Female,Quinu
Rocky,Gronauer,Male,Dazzlesphere
Marilin,Doeg,Female,Rooxo
Valentino,Pettman,Male,Kwilith
Domingo,Baumler,Male,Jayo
Dosi,Randall,Female,Wikibox
Thomasa,Grassin,Female,Gabcube
Loralyn,Saul,Female,Jayo
Corey,Earl,Male,Miboo
Forester,Peskin,Male,Realbuzz
Cordell,MacCartan,Male,Quinu
Freida,Dell 'Orto,Female,Cogilith
Nani,Downs,Female,Riffwire
Salomo,Marl,Male,Bluezoom
Kacy,Kamiyama,Female,Yombu
Bernadine,MacNamara,Female,Flashpoint
Gabriella,Gumey,Female,Bubblemix
Hannie,Jeafferson,Female,Bubblemix
Fionnula,Robecon,Female,Jatri
Rriocard,Simao,Male,Miboo
Michel,Tanti,Male,Topiclounge
Skyler,Lamzed,Male,Skaboo
Alfie,Fairleigh,Male,Thoughtstorm
Mallissa,McLellan,Female,Skivee
Huberto,Dubble,Male,Trudeo
Kippy,Domniney,Male,Rhynoodle
Corbin,Pinkney,Male,Buzzshare
Zebedee,Sterricker,Male,Bluezoom
Melloney,Tesoe,Female,Buzzster
Syman,Wretham,Male,Yodel
Beatrix,Weich,Female,Wikibox
Phylys,Mayhew,Female,Livetube
Claudian,Tamburo,Male,Meevee
Willi,Kenset,Female,Blogpad
Morena,Balstone,Female,Photofeed
Agna,Peggs,Female,Tagopia
Maybelle,Sisselot,Female,Youbridge
Sim,Bootherstone,Male,Meezzy
Tris,Feldhammer,Male,Oozz
Alistair,Jindra,Male,Skyble
Dacy,Colegate,Female,Riffpedia
Geralda,Ciobotaru,Female,Layo
Kerstin,Gamil,Female,Meevee
Godfree,Kroon,Male,Rhycero
Barnabe,Mildmott,Male,Realcube
Pieter,Aldous,Male,Twiyo
Alberto,Bunting,Male,Topicblab
Yanaton,Stroban,Male,Meembee
Brendan,Augustine,Male,Quinu
Genni,Whitlam,Female,Minyx
Iago,Renzullo,Male,Livetube
Padriac,Yockley,Male,Zoonoodle
Sascha,Loy,Male,Twinte
Marijn,Pirozzi,Male,Skaboo
Kordula,Goolden,Female,Jabbercube
Kennedy,Dover,Male,Thoughtblab
Alexandre,Jedrachowicz,Male,Latz
Averil,Pardi,Female,Babblestorm
Selle,Mounsie,Female,Rhycero
Alejandro,Stanway,Male,Jayo
Jim,Moylane,Male,Yotz
Jonis,Ingerith,Female,Oyondu
Cherye,Flowers,Female,Browsecat
Emery,Lynagh,Male,Lajo
Yasmin,Kliemann,Female,Jaxnation
Artemus,Sockell,Male,Mynte
Bobbi,Middlemass,Female,Zoonder
Maighdiln,Jacombs,Female,Quinu
Leticia,Dayton,Female,Ainyx
Nickolas,Rysom,Male,Fivebridge
Luke,Renouf,Male,Roodel
Mathilda,Edyson,Female,Browsecat
Aurelia,Allaker,Female,Realbridge
Kennie,Castagne,Male,Trilith
Bing,Thurby,Male,Thoughtblab
Denice,Kenealy,Female,Meetz
Timmy,Faulkner,Male,Jabbertype
Rhett,Vennings,Male,Wikibox
Wernher,Klulik,Male,BlogXS
Roddie,Soar,Male,Topiclounge
Marty,Malling,Female,Meevee
Annamarie,Lagde,Female,Feedbug
Frasier,Kobpac,Male,Rhyzio
Verne,Pittem,Male,Tekfly
Laurens,Parmby,Male,Myworks
Jason,Leadstone,Male,Innotype
Francyne,Cholmondeley,Female,Zava
Lenci,Matijevic,Male,Abata
Valentino,Dorman,Male,Zoonder
Valenka,Diver,Female,Dabfeed
Jerrine,Pettersen,Female,Zava
Bren,Eglise,Female,Skippad
Cahra,Doel,Female,Oozz
Edan,Barnewelle,Male,Jabbercube
Henrieta,Pugh,Female,Midel
Tandi,Rojel,Female,Voomm
Shandeigh,Wadley,Female,Ozu
Bo,Langsbury,Male,Realcube
Ingar,Treske,Male,Dazzlesphere
Nicholas,Stranger,Male,Jayo
Ashlie,Thain,Female,Bluezoom
Rex,Hawksby,Male,Oyoba
Nilson,Mougel,Male,Thoughtworks
Wallis,Hendrikse,Female,Gigabox
Silvana,Crafts,Female,Mynte
Ruben,Vasiltsov,Male,Bluezoom
Jehanna,Beaconsall,Female,Gigabox
Tiphany,Halward,Female,Innojam
Leon,Downton,Male,Realcube
Esteban,Batalle,Male,Meejo
Meta,Pitsall,Female,Tagcat
Agathe,Denyakin,Female,Gabcube
Eustace,Trenouth,Male,Gigashots
Thayne,Donet,Male,Feedfire
Morie,Langan,Male,Meevee
Kristopher,Rodgman,Male,Kwilith
Lay,Gillivrie,Male,Realcube
Had,Pluthero,Male,Viva
Ambrosi,Skaid,Male,Edgewire
Julieta,Leneve,Female,Topdrive
Petunia,Bernardotti,Female,Livepath
Keefer,Smallman,Male,Camimbo
Richart,Sirkett,Male,Kwilith
Udale,Siene,Male,Bubbletube
Jinny,Galbreth,Female,Skilith
Timmy,Maccree,Female,Zoomlounge
Arnie,Kaas,Male,Thoughtstorm
Donni,Dowda,Female,Feedmix
Philippine,Blowing,Female,Gigazoom
Winthrop,Disley,Male,Jatri
Alasteir,Aubery,Male,Twinte
Wash,Brantzen,Male,Yombu
Dionne,Belson,Female,Tekfly
Reina,Girard,Female,Zooveo
Brenn,Dripp,Female,Eire
Klaus,Dunleavy,Male,Flashdog
Shepherd,Wiffill,Male,Realmix
Mirna,Cisneros,Female,Dynabox
Theda,Rodriguez,Female,Twinte
Carmon,Stenet,Female,Quatz
Glendon,Ferrarotti,Male,Myworks
Gleda,Hubeaux,Female,Linktype
Teirtza,Yurov,Female,Twinder
Kaylyn,Willeson,Female,Quimba
Rosaleen,MacDavitt,Female,Riffpath
Xerxes,McKearnen,Male,Ainyx
Kasper,Wilber,Male,Flipbug
Adella,Denyukin,Female,Meejo
Kyle,Beers,Male,Fanoodle
Netta,Kyston,Female,Ntag
Liva,Barson,Female,Zoozzy
Deedee,Tuttle,Female,Gevee
Fernandina,Aylesbury,Female,Quire
Prentiss,Elgee,Male,Gabtune
Merrilee,Napoleon,Female,Centizu
Katrine,Copcott,Female,Jabberbean
Glen,Fellon,Male,Trudoo
Imojean,Bofield,Female,Yodel
Dalston,Farington,Male,Kazu
Tibold,Levins,Male,Realbridge
Auria,Blaber,Female,Zoozzy
Yevette,Spottiswood,Female,Meemm
Ronny,Fellibrand,Male,Flipbug
Lurette,Brundrett,Female,Tagpad
Marlyn,Towell,Female,LiveZ
Danella,Liversidge,Female,Zoombox
Benedikt,Laing,Male,Buzzshare
Rachelle,Larn,Female,Aimbo
Quinlan,Akaster,Male,JumpXS
Marlena,Spicer,Female,Youspan
Knox,Hullyer,Male,Gabtune
Danya,Mc Caughen,Female,Quire
Fremont,Kerner,Male,Midel
Boycey,Poxton,Male,Skippad
Margit,Seville,Female,Flashdog
Maxy,Pottage,Male,Gabcube
Sheridan,Elphinston,Male,Fivebridge
Cass,Flipsen,Male,Myworks
Delores,Frayling,Female,Twitterworks
Erina,Huyton,Female,Dynava
Clare,Bernolet,Female,Fadeo
Montgomery,Zum Felde,Male,Tagcat
Bernie,Keniwell,Female,Browsecat
Basil,Esgate,Male,Centizu
Anita,Adnet,Female,Quamba
Freeman,Sharphouse,Male,Realblab
Gael,Dodshon,Male,Riffpedia
Pembroke,Dewane,Male,Riffpedia
Drusi,Peebles,Female,Zooxo
Ewart,Jeavons,Male,Trilith
Letta,Rehor,Female,Devshare
Elwyn,Seak,Male,Riffpedia
Maridel,Dust,Female,Pixope
Fernanda,Massenhove,Female,Topicblab
Travus,Bannester,Male,Photobug
Ezequiel,Drewitt,Male,Dazzlesphere
Ramsay,Currell,Male,Eazzy
Becka,Clayworth,Female,Feedfire
Ad,Giraudeau,Male,Riffwire
Letta,Bertomieu,Female,Demizz
Kelli,Sainsbury,Female,Riffwire
Christian,Allin,Male,Trilia
Mabel,McMenamin,Female,Thoughtstorm
Faydra,Raynham,Female,Gigabox
Florentia,Gerbl,Female,Fiveclub
Stephenie,Mowday,Female,Topdrive
Retha,Gloster,Female,Photojam
Thane,Staddart,Male,Centimia
Roosevelt,Peirazzi,Male,Jetpulse
Bernardo,Middle,Male,Fliptune
Linnea,McGreal,Female,Quinu
Karlis,Bourdas,Male,Chatterbridge
Wolfgang,Feak,Male,Topiclounge
Rubin,Urridge,Male,Dabfeed
Saunders,Dillimore,Male,Quire
Wayland,Dunning,Male,Flipbug
Pansie,Merner,Female,Jabberbean
Samuel,Shergold,Male,Kanoodle
Orel,Rickwood,Female,Wikibox
Debor,Thatcham,Female,Youspan
Melesa,Petticrew,Female,Dabvine
Antonietta,Blesing,Female,Eayo
Lorenza,De Normanville,Female,Buzzster
Merill,Charette,Male,Yacero
Kirbie,Mandel,Female,Plambee
Stewart,Spiby,Male,Gigabox
Humberto,Ritson,Male,Wordify
Golda,Pepler,Female,Teklist
Julie,Meredith,Male,Zoomdog
Darda,Clougher,Female,Meemm
Cecily,Kenningham,Female,Digitube
Ailee,Heikkinen,Female,Wikivu
Galven,Searles,Male,Dabvine
Lazarus,Charlwood,Male,Teklist
Sher,Wegner,Female,Babbleblab
Hollis,McKendry,Male,Voolith
Isaak,Safont,Male,Topicstorm
Pauline,Ham,Female,Devpulse
Gwynne,Mortimer,Female,Shuffledrive
Violante,Streatfeild,Female,Izio
Pancho,Hendrix,Male,Mydo
Devora,Horsewood,Female,Abatz
Frasquito,Billham,Male,Agivu
Mateo,Berzons,Male,Divavu
Lincoln,Dahle,Male,Yoveo
Skippie,Peakman,Male,Zoombeat
Ellis,Chappell,Male,Kayveo
Evy,Brunker,Female,Twinte
Flin,Gueinn,Male,Realmix
Linnea,Spooner,Female,Jetwire
Bjorn,Sloley,Male,Jaloo
Carroll,Moffet,Female,Devpulse
Dale,Cubitt,Male,Youtags
Elianore,Storey,Female,Skyndu
Patrick,Reekie,Male,Trilia
Rupert,Stonall,Male,Dabvine
Goraud,Kasbye,Male,Flipopia
Livia,O'Hannen,Female,Skinix
Aurlie,Corstan,Female,Yotz
Patricio,Mathou,Male,Twitterworks
Carole,Alekseicik,Female,Skajo
Holt,Whitebread,Male,Buzzdog
Arlana,Zipsell,Female,Voomm
Joshia,Realph,Male,Quatz
Myrilla,Mulhall,Female,Oyonder
Lief,Giacoppo,Male,Topicshots
Sheree,Huntly,Female,Brightdog
Skippie,Clayton,Male,Flashdog
Kathrine,Peron,Female,Skynoodle
Mason,Serrier,Male,Jayo
Rockwell,Beckson,Male,Wordware
Gordie,Ledgley,Male,Brainverse
Beverie,Lilleyman,Female,Centimia
Annissa,Wisden,Female,Skalith
Heindrick,Dutch,Male,Npath
Randi,Clerc,Male,Yodel
Harli,Curthoys,Female,Photospace
Thedric,Callar,Male,Quimba
Milka,Baber,Female,Wordify
Katusha,Davidovics,Female,Meedoo
Storm,Bulfield,Female,Photofeed
Noah,Broadway,Male,Topiczoom
Fraze,Aleavy,Male,Jabberbean
Latashia,Dingsdale,Female,Mymm
Christy,Ticksall,Female,Geba
Audrie,Boag,Female,Yotz
Kriste,Cassidy,Female,Quatz
Cristal,Exeter,Female,Fiveclub
Latisha,Parnham,Female,Dynava
Hansiain,Hailston,Male,Brainbox
Jenny,Windrass,Female,Meedoo
Ax,Langmaid,Male,Realblab
Maisey,Fydo,Female,Gigabox
Chicky,Sirette,Male,Gabspot
Demeter,Cayle,Female,Skalith
Renault,Janzen,Male,Camido
Ingrid,Mecchi,Female,Skidoo
Annora,Sidsaff,Female,Yodel
Ardys,Wernher,Female,Tagfeed
Ellswerth,Hablet,Male,Twinte
Dorthea,Drever,Female,Dazzlesphere
Willamina,Laverty,Female,Zoozzy
Lesley,Newlin,Male,Zoomlounge
Gayle,Loges,Male,Thoughtsphere
Hogan,Culverhouse,Male,Dazzlesphere
Carney,Niblett,Male,Pixoboo
Angie,Walwood,Female,Blogpad
Noel,Munro,Male,Dynazzy
Schuyler,Woodburn,Male,Quatz
Legra,Salterne,Female,Voolia
Carly,Hatcliffe,Female,Skiba
Tasia,Okell,Female,Zava
Mohammed,Edmed,Male,Geba
Sissie,Edney,Female,Chatterpoint
Elianore,Izod,Female,Buzzshare
Elmore,Desborough,Male,Eadel
Jenna,Barker,Female,Yoveo
Jordon,Blazewski,Male,Wordify
Laura,Sawart,Female,Dynabox
Reinaldos,Brecknell,Male,Eadel
Caddric,Gaylor,Male,Bubblebox
Daisi,Colisbe,Female,Dynabox
Sidney,Pelosi,Male,Photobug
Adorne,Petrasso,Female,Yozio
Harvey,Wickardt,Male,LiveZ
Mayne,Dawid,Male,Aimbo
Rosy,Anand,Female,Shufflester
Florance,Simpson,Female,Quimm
Hobey,Coates,Male,Feedfire
Gertrudis,Quaif,Female,Fivebridge
Talyah,Maghull,Female,Bubblebox
Susana,Skirlin,Female,Feedspan
Katleen,Toolan,Female,Thoughtbridge
Geralda,Talkington,Female,DabZ
Nancy,Cholwell,Female,Zoomzone
Laural,Blair,Female,Chatterbridge
Guendolen,Wines,Female,Thoughtstorm
Aurelie,Fronzek,Female,Browsecat
Jeremiah,Edwardson,Male,Flashdog
Raynell,O'Nion,Female,Blognation
Dav,Gibbieson,Male,Wikido
Bartie,Maevela,Male,Jabbersphere
Lynnea,Ghidoli,Female,Camido
Ellie,Lengthorn,Female,Eire
Lisetta,Smithe,Female,Jabbertype
Reuben,Thecham,Male,Fivespan
Arvie,Fabry,Male,Miboo
Ax,Lighterness,Male,Zooxo
Dyan,Halwell,Female,Pixope
Raynell,Toppas,Female,Izio
Theresina,Cubitt,Female,InnoZ
Tabby,Doddridge,Male,Skipfire
Sly,McGerr,Male,Zoomzone
Lowrance,Fitzer,Male,Ailane
Bernie,Cockshot,Female,Zoomlounge
Austen,Arnatt,Male,Youtags
Gabby,Linnemann,Male,BlogXS
Israel,Learmonth,Male,LiveZ
Adele,Revington,Female,Kwideo
Alexandrina,St. Clair,Female,Edgeblab
Gary,Cokayne,Male,Brightdog
Dee dee,Candwell,Female,Bubblemix
Darci,MacGowan,Female,Voolith
Etienne,Firsby,Male,Brightbean
Renee,Bogart,Female,Eare
Aimee,McCloud,Female,Skilith
Lola,Kahan,Female,Buzzdog
Margalit,Kehoe,Female,Twitterwire
Westleigh,Bernhart,Male,Oyonder
Sheelah,Eyckel,Female,Digitube
Gracia,Jerzak,Female,Skiptube
Darda,Del Monte,Female,Youbridge
Quintana,Feore,Female,Ntag
Arlene,Corstorphine,Female,Thoughtblab
Peria,Dunican,Female,Skimia
Ferris,Loncaster,Male,Bluejam
Alphonso,Sleit,Male,Brainsphere
Quintana,Dechelle,Female,Rhynyx
Cosimo,Twohig,Male,Dabjam
Suzanna,Trussler,Female,Aibox
Joseph,Manus,Male,Digitube
Peria,Height,Female,Wikido
Tymon,Mehaffey,Male,Flipbug
Gerry,Strainge,Male,Trilia
Brenden,Gueinn,Male,Quatz
Lion,Stagg,Male,Trudoo
Burgess,Garfoot,Male,Edgeblab
Matilde,Deddum,Female,Eayo
Hephzibah,Donizeau,Female,Twinder
Star,Hoppner,Female,Livepath
Meridel,Soitoux,Female,Tagfeed
Benson,McDonnell,Male,Wordtune
Carmine,Marcinkowski,Female,Riffwire
Alene,Ahrens,Female,Vipe
Roderick,Tear,Male,Fliptune
Xylia,O'Scollee,Female,Jaloo
Neddie,Pilsworth,Male,Oyonder
Zeb,Portch,Male,Bubblemix
Winston,Kilfeder,Male,Skyba
Boris,Cowper,Male,Wikibox
Jack,Collett,Male,Babbleopia
Othella,Robertsson,Female,Photospace
Mose,de Najera,Male,Twitterworks
Francois,Yakutin,Male,Agimba
Milka,Cottey,Female,Kayveo
Kati,Cordon,Female,Zooxo
Patsy,Wethey,Male,Dynava
Robinet,Kirsop,Male,Dabfeed
Kristopher,Marsden,Male,Feedbug
Bondy,Foresight,Male,Shufflebeat
Katha,Gerson,Female,Yakitri
Cyndia,Levi,Female,Skivee
Alain,Claypool,Male,Topiclounge
Brietta,Huxstep,Female,Miboo
Aguie,Scarf,Male,Realpoint
Kordula,Stathers,Female,Eidel
Alec,Shewry,Male,Realcube
Simone,Stealy,Female,Oloo
Stace,Mulheron,Female,Devbug
Beale,Matussov,Male,Mycat
Yolande,Treppas,Female,Avavee
Matty,Patshull,Female,Yamia
Cinderella,Edmonson,Female,Plambee
Maryjane,Allans,Female,Rhycero
Blondie,Osburn,Female,Dazzlesphere
Filia,Enoch,Female,Meejo
Deane,Stenners,Male,DabZ
Fergus,Hallen,Male,Rooxo
Alaine,Calyton,Female,Skippad
Clevey,Funcheon,Male,Voolia
Teador,Goldie,Male,Aimbu
Emera,Beagrie,Female,Yabox
Dulciana,Dispencer,Female,Oyoyo
Bonnee,Dring,Female,Aibox
Henrietta,Stonestreet,Female,Skinder
Farica,Teeney,Female,Reallinks
Kim,Stride,Male,Oloo
Juliana,Rowlinson,Female,Skyble
Aveline,Maasze,Female,Demimbu
Clarey,Suttie,Female,Edgeclub
Maye,Bompas,Female,Divanoodle
Emanuele,Mithon,Male,LiveZ
Chen,Basilotta,Male,Oyope
Lemuel,Barock,Male,Zooxo
Pammy,Dighton,Female,Bubblebox
Ivan,Boden,Male,Yabox
Basilius,Bastick,Male,Wikivu
Ollie,Dohms,Male,Photobean
Bobbette,Mulvin,Female,Linktype
Mathe,Caras,Male,Jatri
Stacey,Jancik,Female,Topiclounge
Stevy,Bruckent,Male,Feedbug
Adriano,Tern,Male,Reallinks
Myles,Coskerry,Male,Meevee
Vikki,Monkley,Female,Youfeed
Stan,Farrant,Male,Layo
Dorie,Wicklen,Male,Tavu
Mace,Guilford,Male,Talane
Lyndsey,Swan,Female,Lazzy
Rae,McMinn,Female,Brainbox
Babs,Jillitt,Female,Demimbu
Geralda,Childerhouse,Female,Meeveo
Aluino,Escott,Male,Skyndu
Perceval,Kurton,Male,Voonder
Wit,Coull,Male,Rhybox
Bat,Kneeshaw,Male,Ntags
Tobey,Dyet,Female,Lazz
Rawley,Stennet,Male,Vipe
Benji,Harlow,Male,Ailane
Huntington,Esseby,Male,Skivee
Carolina,Osman,Female,Gabvine
Sapphire,Denge,Female,Centimia
Bonita,Helian,Female,Twitterbridge
Lin,Duffan,Female,Demizz
Anselm,Olenchenko,Male,Youopia
Ky,Cooch,Male,Oba
Nicholas,Goathrop,Male,Gigabox
Alvin,Kilmary,Male,Katz
Tuesday,Whipp,Female,Browsecat
Gunar,Smooth,Male,Trudeo
Eleonore,Carpenter,Female,Oyoloo
Buckie,Hallaways,Male,Blogspan
Robina,Wandrack,Female,Podcat
Gabie,Linnett,Female,Yata
Goldi,Buckston,Female,Edgetag
Henriette,Djokic,Female,Photobean
Tiebold,Hoopper,Male,Wordtune
Fax,D'Almeida,Male,Kazu
Leonerd,Sowersby,Male,Feedfish
Shandie,Brome,Female,Browsedrive
Kathryne,Trowle,Female,Thoughtblab
Hill,Gyves,Male,Plambee
Pearla,Hollindale,Female,Zooveo
Perkin,Farrimond,Male,Skipfire
Adrien,McDyer,Male,Rhynyx
Cecily,Tomas,Female,Linkbridge
Sissie,Hambelton,Female,Mymm
Adelbert,Gyford,Male,Trilia
Herbie,Biever,Male,Skinix
Jae,Dunan,Male,Realbuzz
Henrieta,Doidge,Female,InnoZ
Curr,Holbury,Male,Layo
Leighton,Giraudou,Male,Fatz
Inigo,Biasi,Male,Trilia
Lark,Paddemore,Female,Skyvu
Dagmar,Buckbee,Female,Browsetype
Eloise,Egerton,Female,Twimm
Corbett,Brager,Male,Demimbu
Andie,Norheny,Female,Trilia
Rina,Tallent,Female,Thoughtstorm
Isidora,Baudinet,Female,Skippad
Tallulah,McMaster,Female,Zooveo
Collie,Cahn,Female,Innojam
Robby,Downing,Female,Kwinu
Malory,Frondt,Female,Ntag
Marina,Snel,Female,Meezzy
Jannel,Degenhardt,Female,Flashspan
Ana,Winterbottom,Female,Thoughtworks
Leesa,Nerne,Female,Pixonyx
Dona,Lythgoe,Female,Muxo
Mychal,Castrillo,Male,Realblab
Norma,Croote,Female,Thoughtblab
Peg,Venables,Female,Cogidoo
Lester,Innes,Male,Pixope
Janella,Yuill,Female,Tagcat
Creigh,Kennedy,Male,Cogibox
Lulita,Kubica,Female,Jabbercube
Raul,Dempster,Male,Yoveo
Ashbey,Duguid,Male,Gabtune
Doralyn,Probate,Female,Skibox
Corny,Prettyjohns,Female,Rhynyx
Merl,Hegdonne,Female,Zoomlounge
Laurette,Vowels,Female,Centimia
Mavra,Garrand,Female,Dablist
Barrett,Fairhurst,Male,Gevee
Garrek,Scarratt,Male,Centimia
Magdalene,Mocher,Female,Thoughtbeat
Trip,Aven,Male,Wordpedia
Levi,Burchall,Male,Fivebridge
Farrand,Phoebe,Female,Yakijo
Reed,Pedler,Male,Youspan
Ilyse,Guisot,Female,Feedfish
Claudell,Faill,Male,Trupe
Letitia,Backman,Female,Linkbridge
Marinna,Kach,Female,Thoughtblab
Evan,Scourge,Male,Voolith
Quill,Scoyles,Male,Yoveo
Drake,Toffolini,Male,Demivee
Avram,Stranio,Male,Realpoint
Brandie,Ickovitz,Female,Kaymbo
Letizia,Wilds,Female,Photobug
Jewel,Bernardos,Female,Zoomcast
Vinita,Primett,Female,Skipstorm
Winifred,Yankeev,Female,Skyndu
Mela,Luck,Female,Voolia
Clara,Charrisson,Female,Divanoodle
Clevie,Gannaway,Male,Edgeblab
Kerby,Klinck,Male,Dazzlesphere
Darrin,Farmiloe,Male,Dynabox
Andre,Peatman,Male,Aimbu
Lanette,Hiscocks,Female,Livepath
Cody,Edden,Male,Centimia
Jami,Westney,Female,Podcat
Hildy,Bum,Female,Aibox
Courtney,Kinkaid,Male,Blognation
Lorianne,Maillard,Female,Photobug
Mandy,Blastock,Female,Lajo
Dawna,Duncanson,Female,Babbleset
Allistir,Trayton,Male,Brainlounge
Burton,Brende,Male,Devify
Quentin,Aitchinson,Female,Vitz
Etan,Licciardo,Male,Riffwire
Tallie,Tonnesen,Male,Rhyzio
Gussie,De L'Isle,Female,Thoughtstorm
Francoise,Salle,Female,Devshare
Esdras,Dwane,Male,Lazzy
Colver,McGrey,Male,Rooxo
Haily,Guerri,Male,Janyx
Tedie,Ksandra,Male,Camido
Sherill,Leftridge,Female,Yombu
Arnoldo,Souten,Male,Flashpoint
Giuditta,Ratnege,Female,Yacero
Donovan,Meynell,Male,Yambee
Verge,Rossbrooke,Male,Realcube
Peder,Staig,Male,Skipfire
Forester,Pim,Male,Rhyzio
Noreen,Graver,Female,Meembee
Halimeda,Gorst,Female,Thoughtbeat
Redford,Loreit,Male,Teklist
Olympe,McIlenna,Female,Linktype
Abey,Pheazey,Male,Jabberstorm
Esther,Goodley,Female,Tagpad
Laurent,de Najera,Male,Gabtune
Elston,Perview,Male,Bubbletube
Munroe,Meriel,Male,Camido
Spencer,Stailey,Male,Jazzy
Eugenius,Sillett,Male,Katz
Suki,Rennicks,Female,Zoomzone
Tomkin,Docharty,Male,Shufflester
Glenda,Thalmann,Female,Vinte
Lexine,Aucoate,Female,Aimbu
Tessy,Cleen,Female,Eidel
Chelsea,Candie,Female,Youspan
Amii,Row,Female,Feedfire
Lynnette,Ramm,Female,Einti
Roanne,Alldritt,Female,Browsezoom
Kessia,Godar,Female,Kayveo
Lannie,Wormstone,Male,Jetpulse
Rudyard,Bartolomeu,Male,Tazz
Astrid,Godbald,Female,Camido
Walt,Neasham,Male,Eayo
Faith,Corking,Female,Camimbo
Trudey,Dalgarnowch,Female,Zoovu
Stacee,Aguilar,Female,Tagpad
Nyssa,Glaum,Female,Flashset
Reba,Kisby,Female,Roombo
Aindrea,Inkster,Female,Demizz
Marci,Ames,Female,Bluejam
Pavla,Schubert,Female,Mynte
Shaw,Burwood,Male,Divanoodle
Grenville,Jeanenet,Male,Eare
Izaak,Apfler,Male,Livetube
Ferris,Jewiss,Male,Riffwire
Britta,Quadling,Female,Photolist
Sharon,Chessun,Female,LiveZ
Khalil,Gardiner,Male,Midel
Rockie,Rugiero,Male,Skimia
Nan,Braisher,Female,Fliptune
Kania,Labram,Female,Lazz
Malia,Andraud,Female,Skimia
Benoit,Dederick,Male,Eadel
Aile,Pagitt,Female,Tambee
Claudia,Sibbert,Female,Kazu
Whitney,Shevill,Female,Browsecat
Hodge,Navan,Male,Blogtag
Janetta,Daoust,Female,Voolith
Kaylyn,Daft,Female,Browsezoom
Yancey,Lightwing,Male,Flipstorm
Cassy,Catanheira,Female,Topiczoom
Amory,Swanwick,Male,Gabtype
Victoir,Bianco,Male,Yoveo
Marge,Prazer,Female,Edgeblab
Del,Duncan,Female,Jayo
Rici,Renad,Female,Zazio
Ambrose,Antoniottii,Male,Twitterlist
Jori,Schwandermann,Female,Mydeo
Katharine,Osgerby,Female,Trilith
Robbin,Baddeley,Female,Skilith
Rosemarie,Scarsbrick,Female,DabZ
Kristian,Szymonowicz,Male,Kwinu
Sonia,Fice,Female,Meevee
Ulrick,Geard,Male,Realblab
Nerissa,Kendell,Female,Bubblebox
Victoria,Howse,Female,Eamia
Hillier,Stallen,Male,Ailane
Dan,Perez,Male,Roodel
Magdalen,Chell,Female,Shufflebeat
Raquela,Andrzejczak,Female,Kare
Courtenay,Hylden,Female,Ailane
Jillane,Messent,Female,Quinu
Garrek,Haibel,Male,Dazzlesphere
Mirna,Whodcoat,Female,Jayo
Tracey,Harroway,Male,Fiveclub
Porter,Dransfield,Male,Kanoodle
Tammie,Hardison,Male,Wikizz
Kacey,Bartosiak,Female,Dablist
Shaughn,Gossart,Male,Kwilith
Danya,Boam,Male,Wikizz
Florida,Gruszka,Female,Topicstorm
Sam,Crummie,Female,Zoomzone
Juliann,Croasdale,Female,Janyx
Maurizia,Schottli,Female,Pixoboo
Cynthia,Shafe,Female,Skyble
Geraldine,Maddicks,Female,Edgeclub
Bay,Schaumaker,Male,Meembee
Alyda,Quene,Female,Thoughtbeat
Herta,Redolfi,Female,Twitternation
Marianne,Gornall,Female,DabZ
Sibby,Lippitt,Female,Brainbox
Josey,Caveau,Female,Trupe
Trey,Devo,Male,Quinu
Gun,Coper,Male,Aivee
Scottie,Ginnety,Male,Yodo
Clevey,Attersoll,Male,Fliptune
Cam,Hamments,Female,Muxo
Shay,Larkings,Female,Yakidoo
Verina,Baynham,Female,Brainverse
Lucine,Marchington,Female,Yozio
Gray,Frenzl,Female,Mydeo
Hadlee,Gookey,Male,Eabox
Ody,Harman,Male,Zooxo
Pammi,Huby,Female,Voolia
Laney,Bernardes,Female,Meemm
Vivian,Davio,Female,Kaymbo
Gabriel,Hedditch,Male,Trudeo
Lavina,Pim,Female,Flipbug
May,Baldwin,Female,Realmix
Zechariah,Redmond,Male,Blogpad
Saxon,Punton,Male,Gigashots
Peirce,Valek,Male,Shufflester
Gerrie,Pomfrett,Female,Meemm
Gunilla,Stileman,Female,Kwimbee
Rebecca,Hannam,Female,Jaxbean
Aleksandr,Craise,Male,Zoomzone
Lenore,Minci,Female,Fatz
Stu,Sloey,Male,Quaxo
Janek,Coston,Male,Skipfire
Ayn,Spurden,Female,Jaloo
Nerte,Algate,Female,Jatri
Cacilia,Hanmore,Female,Wikizz
Lorna,Matysik,Female,Rhynyx
Fan,Stanbridge,Female,Tagpad
Mina,MacKaile,Female,Zoozzy
De witt,Youell,Male,Katz
Dallas,Kennon,Male,Linkbuzz
Prue,Beardsall,Female,Tagcat
Drucill,De Roberto,Female,Kare
Cheslie,Guiet,Female,Devcast
Henry,Leversha,Male,Pixoboo
Brien,Baison,Male,Quaxo
Burnard,Shitliffe,Male,Feedspan
Micheil,Stoodley,Male,Quimba
Claudie,Tweedie,Female,Realbuzz
Norbert,Tallboy,Male,Zoonder
Delainey,Redmire,Male,Riffwire
Luelle,Ferroni,Female,Quamba
Rodolphe,Janiak,Male,Oyondu
Griff,Johnsson,Male,Eazzy
Elenore,Peel,Female,Yakijo
Bettine,Henstridge,Female,Zazio
Homerus,Bidewel,Male,Zoombox
Rodrick,Killingworth,Male,Livetube
Marie-ann,Coulling,Female,Blogpad
Ingemar,Lynagh,Male,Blognation
Conrade,Gillings,Male,Linklinks
Tan,Kinnin,Male,Trilith
Adrien,Westoll,Male,Shufflebeat
